{
  "results": [
    {
      "command": "bin/kissat -q experiments/cnfs/norder/temp_72.cnf",
      "mean": 1.7389142067799999,
      "stddev": 0.004576873752875093,
      "median": 1.73742800678,
      "user": 1.69453888,
      "system": 0.04282312,
      "min": 1.7330796737799998,
      "max": 1.7451011317799998,
      "times": [
        1.7451011317799998,
        1.7330796737799998,
        1.73742800678,
        1.74155713178,
        1.73740508978
      ],
      "memory_usage_byte": [
        122224640,
        122224640,
        122224640,
        122224640,
        122224640
      ],
      "exit_codes": [
        10,
        10,
        10,
        10,
        10
      ],
      "parameters": {
        "n": "72",
        "solver": "kissat -q"
      }
    },
    {
      "command": "bin/cadical -q experiments/cnfs/norder/temp_72.cnf",
      "mean": 1.2549292483799999,
      "stddev": 0.002945292283980497,
      "median": 1.25514604878,
      "user": 1.20547328,
      "system": 0.04722612,
      "min": 1.25044083978,
      "max": 1.25816159078,
      "times": [
        1.25044083978,
        1.25816159078,
        1.2567751727799998,
        1.25412258978,
        1.25514604878
      ],
      "memory_usage_byte": [
        236716032,
        236716032,
        263766016,
        263766016,
        263766016
      ],
      "exit_codes": [
        10,
        10,
        10,
        10,
        10
      ],
      "parameters": {
        "n": "72",
        "solver": "cadical -q"
      }
    },
    {
      "command": "bin/kissat -q experiments/cnfs/norder/temp_74.cnf",
      "mean": 2.05304229038,
      "stddev": 0.0032257942569500794,
      "median": 2.05232138178,
      "user": 2.0029670800000003,
      "system": 0.048556919999999996,
      "min": 2.04875834078,
      "max": 2.05634867378,
      "times": [
        2.05232138178,
        2.04875834078,
        2.05634867378,
        2.05161375678,
        2.05616929878
      ],
      "memory_usage_byte": [
        263766016,
        263766016,
        263766016,
        263766016,
        263766016
      ],
      "exit_codes": [
        10,
        10,
        10,
        10,
        10
      ],
      "parameters": {
        "n": "74",
        "solver": "kissat -q"
      }
    },
    {
      "command": "bin/cadical -q experiments/cnfs/norder/temp_74.cnf",
      "mean": 1.3535035067799999,
      "stddev": 0.0033014924314955464,
      "median": 1.35422259078,
      "user": 1.29912448,
      "system": 0.05194171999999999,
      "min": 1.34968404878,
      "max": 1.35692646478,
      "times": [
        1.35422259078,
        1.34968404878,
        1.35623404778,
        1.35045038178,
        1.35692646478
      ],
      "memory_usage_byte": [
        263766016,
        290390016,
        290390016,
        290390016,
        290390016
      ],
      "exit_codes": [
        10,
        10,
        10,
        10,
        10
      ],
      "parameters": {
        "n": "74",
        "solver": "cadical -q"
      }
    },
    {
      "command": "bin/kissat -q experiments/cnfs/norder/temp_75.cnf",
      "mean": 2.89946883998,
      "stddev": 0.002857980140139155,
      "median": 2.8999381727799998,
      "user": 2.8390970800000006,
      "system": 0.05887272,
      "min": 2.89634175678,
      "max": 2.90241333978,
      "times": [
        2.90241333978,
        2.89634175678,
        2.8999381727799998,
        2.89668329878,
        2.90196763178
      ],
      "memory_usage_byte": [
        290390016,
        290390016,
        290390016,
        290390016,
        290390016
      ],
      "exit_codes": [
        10,
        10,
        10,
        10,
        10
      ],
      "parameters": {
        "n": "75",
        "solver": "kissat -q"
      }
    },
    {
      "command": "bin/cadical -q experiments/cnfs/norder/temp_75.cnf",
      "mean": 1.53909149018,
      "stddev": 0.0031877245673163778,
      "median": 1.53845950678,
      "user": 1.4809748799999998,
      "system": 0.05589112,
      "min": 1.53559642378,
      "max": 1.54249879878,
      "times": [
        1.53660858978,
        1.5422941317799999,
        1.53559642378,
        1.53845950678,
        1.54249879878
      ],
      "memory_usage_byte": [
        301170688,
        301170688,
        301170688,
        301170688,
        301170688
      ],
      "exit_codes": [
        10,
        10,
        10,
        10,
        10
      ],
      "parameters": {
        "n": "75",
        "solver": "cadical -q"
      }
    },
    {
      "command": "bin/kissat -q experiments/cnfs/norder/temp_76.cnf",
      "mean": 2.9896294397800003,
      "stddev": 0.010024967243796958,
      "median": 2.99025954778,
      "user": 2.9265340799999997,
      "system": 0.061603719999999994,
      "min": 2.97396817278,
      "max": 3.00055133978,
      "times": [
        3.00055133978,
        2.97396817278,
        2.99546538178,
        2.99025954778,
        2.98790275678
      ],
      "memory_usage_byte": [
        301170688,
        301170688,
        301170688,
        301170688,
        301170688
      ],
      "exit_codes": [
        10,
        10,
        10,
        10,
        10
      ],
      "parameters": {
        "n": "76",
        "solver": "kissat -q"
      }
    },
    {
      "command": "bin/cadical -q experiments/cnfs/norder/temp_76.cnf",
      "mean": 2.00469909858,
      "stddev": 0.006057601282162593,
      "median": 2.00277579878,
      "user": 1.93367348,
      "system": 0.06859191999999999,
      "min": 1.99821542278,
      "max": 2.01211275678,
      "times": [
        2.01211275678,
        2.00042159078,
        2.00277579878,
        2.00996992378,
        1.99821542278
      ],
      "memory_usage_byte": [
        320995328,
        321011712,
        321060864,
        321060864,
        321060864
      ],
      "exit_codes": [
        10,
        10,
        10,
        10,
        10
      ],
      "parameters": {
        "n": "76",
        "solver": "cadical -q"
      }
    },
    {
      "command": "bin/kissat -q experiments/cnfs/norder/temp_78.cnf",
      "mean": 3.2996113733800003,
      "stddev": 0.025043683834134963,
      "median": 3.29380550678,
      "user": 3.2356110799999995,
      "system": 0.061706319999999995,
      "min": 3.27967600678,
      "max": 3.34301371478,
      "times": [
        3.29380550678,
        3.27967600678,
        3.29513379878,
        3.34301371478,
        3.28642783978
      ],
      "memory_usage_byte": [
        321060864,
        321060864,
        321060864,
        321060864,
        321060864
      ],
      "exit_codes": [
        10,
        10,
        10,
        10,
        10
      ],
      "parameters": {
        "n": "78",
        "solver": "kissat -q"
      }
    },
    {
      "command": "bin/cadical -q experiments/cnfs/norder/temp_78.cnf",
      "mean": 4.28027166538,
      "stddev": 0.03974617800765295,
      "median": 4.25449475678,
      "user": 4.14333168,
      "system": 0.13154371999999998,
      "min": 4.24733392378,
      "max": 4.32500321578,
      "times": [
        4.32241300678,
        4.32500321578,
        4.25449475678,
        4.24733392378,
        4.25211342378
      ],
      "memory_usage_byte": [
        533020672,
        544866304,
        544866304,
        544866304,
        544866304
      ],
      "exit_codes": [
        10,
        10,
        10,
        10,
        10
      ],
      "parameters": {
        "n": "78",
        "solver": "cadical -q"
      }
    },
    {
      "command": "bin/kissat -q experiments/cnfs/norder/temp_80.cnf",
      "mean": 21.44313813178,
      "stddev": 0.20335156514221764,
      "median": 21.37717013178,
      "user": 21.20990748,
      "system": 0.22773872,
      "min": 21.25609942278,
      "max": 21.774401381780002,
      "times": [
        21.32253963178,
        21.37717013178,
        21.774401381780002,
        21.25609942278,
        21.48548009078
      ],