{
  "results": [
    {
      "command": "bin/kissat -q experiments/cnfs/norder/temp_72.cnf",
      "mean": 1.74222560322,
      "stddev": 0.0015658494816610398,
      "median": 1.7421493450199999,
      "user": 1.6975658999999996,
      "system": 0.04306681999999999,
      "min": 1.73995851102,
      "max": 1.74435301202,
      "times": [
        1.74257109502,
        1.74435301202,
        1.7420960530199998,
        1.7421493450199999,
        1.73995851102
      ],
      "memory_usage_byte": [
        122224640,
        122224640,
        141688832,
        141688832,
        141688832
      ],
      "exit_codes": [
        10,
        10,
        10,
        10,
        10
      ],
      "parameters": {
        "n": "72",
        "solver": "kissat -q"
      }
    },
    {
      "command": "bin/cadical -q experiments/cnfs/norder/temp_72.cnf",
      "mean": 1.25282160322,
      "stddev": 0.001364701882617497,
      "median": 1.25338980402,
      "user": 1.2063930999999999,
      "system": 0.04437402,
      "min": 1.2511781360199998,
      "max": 1.2543734280199998,
      "times": [
        1.2543734280199998,
        1.25338980402,
        1.2516075950199999,
        1.2511781360199998,
        1.2535590530199998
      ],
      "memory_usage_byte": [
        236716032,
        260620288,
        260620288,
        260620288,
        260620288
      ],
      "exit_codes": [
        10,
        10,
        10,
        10,
        10
      ],
      "parameters": {
        "n": "72",
        "solver": "cadical -q"
      }
    },
    {
      "command": "bin/kissat -q experiments/cnfs/norder/temp_74.cnf",
      "mean": 2.05639986162,
      "stddev": 0.002778428644370224,
      "median": 2.05780634502,
      "user": 2.0056705,
      "system": 0.049111819999999994,
      "min": 2.05208513602,
      "max": 2.05883076202,
      "times": [
        2.05780634502,
        2.0580980540200002,
        2.0551790110200003,
        2.05208513602,
        2.05883076202
      ],
      "memory_usage_byte": [
        260620288,
        260620288,
        260620288,
        260620288,
        260620288
      ],
      "exit_codes": [
        10,
        10,
        10,
        10,
        10
      ],
      "parameters": {
        "n": "74",
        "solver": "kissat -q"
      }
    },
    {
      "command": "bin/cadical -q experiments/cnfs/norder/temp_74.cnf",
      "mean": 1.3461986700199997,
      "stddev": 0.001978143159718343,
      "median": 1.34645930402,
      "user": 1.2969835,
      "system": 0.046875219999999995,
      "min": 1.3437596780199998,
      "max": 1.3484258030199998,
      "times": [
        1.3477030530199998,
        1.3437596780199998,
        1.3446455120199998,
        1.3484258030199998,
        1.34645930402
      ],
      "memory_usage_byte": [
        260620288,
        260620288,
        260620288,
        260620288,
        260620288
      ],
      "exit_codes": [
        10,
        10,
        10,
        10,
        10
      ],
      "parameters": {
        "n": "74",
        "solver": "cadical -q"
      }
    },
    {
      "command": "bin/kissat -q experiments/cnfs/norder/temp_75.cnf",
      "mean": 2.8989439534200003,
      "stddev": 0.005342416990657427,
      "median": 2.89946559502,
      "user": 2.8395821,
      "system": 0.05778042,
      "min": 2.8924042620200003,
      "max": 2.9065707200200004,
      "times": [
        2.89946559502,
        2.8957245950200003,
        2.90055459502,
        2.9065707200200004,
        2.8924042620200003
      ],
      "memory_usage_byte": [
        260620288,
        260620288,
        260620288,
        260620288,
        260620288
      ],
      "exit_codes": [
        10,
        10,
        10,
        10,
        10
      ],
      "parameters": {
        "n": "75",
        "solver": "kissat -q"
      }
    },
    {
      "command": "bin/cadical -q experiments/cnfs/norder/temp_75.cnf",
      "mean": 1.5393576700199998,
      "stddev": 0.0025016721145454746,
      "median": 1.5384062620199999,
      "user": 1.4843744999999997,
      "system": 0.052429619999999996,
      "min": 1.53697034502,
      "max": 1.54276822002,
      "times": [
        1.54276822002,
        1.5374785950199998,
        1.5384062620199999,
        1.54116492802,
        1.53697034502
      ],
      "memory_usage_byte": [
        301121536,
        301137920,
        301137920,
        301137920,
        301137920
      ],
      "exit_codes": [
        10,
        10,
        10,
        10,
        10
      ],
      "parameters": {
        "n": "75",
        "solver": "cadical -q"
      }
    },
    {
      "command": "bin/kissat -q experiments/cnfs/norder/temp_76.cnf",
      "mean": 3.0037449950200004,
      "stddev": 0.00419616781984682,
      "median": 3.00591759502,
      "user": 2.9393721,
      "system": 0.06291202,
      "min": 2.9965980950200004,
      "max": 3.00677884502,
      "times": [
        3.00604676202,
        3.00591759502,
        3.00338367802,
        2.9965980950200004,
        3.00677884502
      ],
      "memory_usage_byte": [
        301137920,
        301137920,
        301137920,
        301137920,
        301137920
      ],
      "exit_codes": [
        10,
        10,
        10,
        10,
        10
      ],
      "parameters": {
        "n": "76",
        "solver": "kissat -q"
      }
    },
    {
      "command": "bin/cadical -q experiments/cnfs/norder/temp_76.cnf",
      "mean": 2.00758871162,
      "stddev": 0.00436748126580595,
      "median": 2.00720309502,
      "user": 1.9398612999999998,
      "system": 0.06489462,
      "min": 2.00310647002,
      "max": 2.0147882200200002,
      "times": [
        2.00720309502,
        2.0147882200200002,
        2.00555422002,
        2.00310647002,
        2.00729155302
      ],
      "memory_usage_byte": [
        320995328,
        321011712,
        321011712,
        321011712,
        321011712
      ],
      "exit_codes": [
        10,
        10,
        10,
        10,
        10
      ],
      "parameters": {
        "n": "76",
        "solver": "cadical -q"
      }
    },
    {
      "command": "bin/kissat -q experiments/cnfs/norder/temp_78.cnf",
      "mean": 3.3126898448199995,
      "stddev": 0.0056744355964210595,
      "median": 3.31364717802,
      "user": 3.2543847,
      "system": 0.05697102,
      "min": 3.30467734502,
      "max": 3.32038751202,
      "times": [
        3.32038751202,
        3.31091605302,
        3.31382113602,
        3.31364717802,
        3.30467734502
      ],
      "memory_usage_byte": [
        321011712,
        321011712,
        321011712,
        321011712,
        321011712
      ],
      "exit_codes": [
        10,
        10,
        10,
        10,
        10
      ],
      "parameters": {
        "n": "78",
        "solver": "kissat -q"
      }
    },
    {
      "command": "bin/cadical -q experiments/cnfs/norder/temp_78.cnf",
      "mean": 4.273232528420001,
      "stddev": 0.007168988540277885,
      "median": 4.26994717902,
      "user": 4.148853299999999,
      "system": 0.11944961999999999,
      "min": 4.26633772002,
      "max": 4.28465742802,
      "times": [
        4.269786803020001,
        4.28465742802,
        4.27543351202,
        4.26994717902,
        4.26633772002
      ],
      "memory_usage_byte": [
        493453312,
        531759104,
        531759104,
        531759104,
        531759104
      ],
      "exit_codes": [
        10,
        10,
        10,
        10,
        10
      ],
      "parameters": {
        "n": "78",
        "solver": "cadical -q"
      }
    },
    {
      "command": "bin/kissat -q experiments/cnfs/norder/temp_80.cnf",
      "mean": 21.57386175342,
      "stddev": 0.07105475169387593,
      "median": 21.56651888602,
      "user": 21.330040699999998,
      "system": 0.23137561999999998,
      "min": 21.48588442902,
      "max": 21.67684588702,