{
  "results": [
    {
      "command": "bin/kissat -q experiments/cnfs/order/temp_72.cnf",
      "mean": 3.8376779633400004,
      "stddev": 0.4901234576086343,
      "median": 4.04454215514,
      "user": 3.71993416,
      "system": 0.08668884,
      "min": 2.96196173814,
      "max": 4.09402419714,
      "times": [
        4.09402419714,
        4.02946703014,
        4.058394696140001,
        4.04454215514,
        2.96196173814
      ],
      "memory_usage_byte": [
        183222272,
        188858368,
        188858368,
        188858368,
        188858368
      ],
      "exit_codes": [
        10,
        10,
        10,
        10,
        10
      ],
      "parameters": {
        "n": "72",
        "solver": "kissat -q"
      }
    },
    {
      "command": "bin/cadical -q experiments/cnfs/order/temp_72.cnf",
      "mean": 1.37630828874,
      "stddev": 0.008854863169702165,
      "median": 1.37758240514,
      "user": 1.3181485600000002,
      "system": 0.05560604,
      "min": 1.36229869714,
      "max": 1.38695986414,
      "times": [
        1.37711044714,
        1.37758240514,
        1.38695986414,
        1.37759003014,
        1.36229869714
      ],
      "memory_usage_byte": [
        224362496,
        248037376,
        248037376,
        248037376,
        248037376
      ],
      "exit_codes": [
        10,
        10,
        10,
        10,
        10
      ],
      "parameters": {
        "n": "72",
        "solver": "cadical -q"
      }
    },
    {
      "command": "bin/kissat -q experiments/cnfs/order/temp_74.cnf",
      "mean": 8.433264663340001,
      "stddev": 0.05370883863110367,
      "median": 8.43441586314,
      "user": 8.31516096,
      "system": 0.11592804000000001,
      "min": 8.35755219614,
      "max": 8.48976953014,
      "times": [
        8.407299738139999,
        8.35755219614,
        8.43441586314,
        8.47728598914,
        8.48976953014
      ],
      "memory_usage_byte": [
        248037376,
        248037376,
        248037376,
        248037376,
        248037376
      ],
      "exit_codes": [
        10,
        10,
        10,
        10,
        10
      ],
      "parameters": {
        "n": "74",
        "solver": "kissat -q"
      }
    },
    {
      "command": "bin/cadical -q experiments/cnfs/order/temp_74.cnf",
      "mean": 1.3656379969399999,
      "stddev": 0.003958345609377967,
      "median": 1.36520861314,
      "user": 1.3098121600000003,
      "system": 0.053299639999999995,
      "min": 1.36178890514,
      "max": 1.3719293641399999,
      "times": [
        1.3719293641399999,
        1.36178890514,
        1.36637323914,
        1.36288986314,
        1.36520861314
      ],
      "memory_usage_byte": [
        248037376,
        248037376,
        248037376,
        274595840,
        274595840
      ],
      "exit_codes": [
        10,
        10,
        10,
        10,
        10
      ],
      "parameters": {
        "n": "74",
        "solver": "cadical -q"
      }
    },
    {
      "command": "bin/kissat -q experiments/cnfs/order/temp_75.cnf",
      "mean": 4.31246422174,
      "stddev": 0.06120328285925439,
      "median": 4.27780878014,
      "user": 4.235679159999999,
      "system": 0.07441464,
      "min": 4.26836961314,
      "max": 4.412816905140001,
      "times": [
        4.27780878014,
        4.27396782214,
        4.26836961314,
        4.329357988140001,
        4.412816905140001
      ],
      "memory_usage_byte": [
        274595840,
        274595840,
        274595840,
        274595840,
        274595840
      ],
      "exit_codes": [
        10,
        10,
        10,
        10,
        10
      ],
      "parameters": {
        "n": "75",
        "solver": "kissat -q"
      }
    },
    {
      "command": "bin/cadical -q experiments/cnfs/order/temp_75.cnf",
      "mean": 1.53516928854,
      "stddev": 0.1946200524764375,
      "median": 1.45042023814,
      "user": 1.4371735600000002,
      "system": 0.07957604,
      "min": 1.42627140514,
      "max": 1.8822535301399999,
      "times": [
        1.45042023814,
        1.4477797801399999,
        1.46912148914,
        1.42627140514,
        1.8822535301399999
      ],
      "memory_usage_byte": [
        274595840,
        274595840,
        312819712,
        312819712,
        312819712
      ],
      "exit_codes": [
        10,
        10,
        10,
        10,
        10
      ],
      "parameters": {
        "n": "75",
        "solver": "cadical -q"
      }
    },
    {
      "command": "bin/kissat -q experiments/cnfs/order/temp_76.cnf",
      "mean": 2.56405475514,
      "stddev": 0.09020809686101888,
      "median": 2.53759119714,
      "user": 2.49024796,
      "system": 0.06858204,
      "min": 2.47805098814,
      "max": 2.71744607214,
      "times": [
        2.71744607214,
        2.55017882114,
        2.47805098814,
        2.53700669714,
        2.53759119714
      ],
      "memory_usage_byte": [
        312819712,
        312819712,
        312819712,
        312819712,
        312819712
      ],
      "exit_codes": [
        10,
        10,
        10,
        10,
        10
      ],
      "parameters": {
        "n": "76",
        "solver": "kissat -q"
      }
    },
    {
      "command": "bin/cadical -q experiments/cnfs/order/temp_76.cnf",
      "mean": 1.59150604694,
      "stddev": 0.014941518297916198,
      "median": 1.58311994714,
      "user": 1.5163331599999998,
      "system": 0.07235064,
      "min": 1.57809203014,
      "max": 1.61233353014,
      "times": [
        1.61233353014,
        1.58178265514,
        1.58311994714,
        1.6022020721399999,
        1.57809203014
      ],
      "memory_usage_byte": [
        326483968,
        326483968,
        326483968,
        329072640,
        329072640
      ],
      "exit_codes": [
        10,
        10,
        10,
        10,
        10
      ],
      "parameters": {
        "n": "76",
        "solver": "cadical -q"
      }
    },
    {
      "command": "bin/kissat -q experiments/cnfs/order/temp_78.cnf",
      "mean": 7.6599306801400004,
      "stddev": 0.5147019175731042,
      "median": 7.573190530140001,
      "user": 7.497058759999999,
      "system": 0.14284603999999995,
      "min": 7.19416490514,
      "max": 8.42584848814,
      "times": [
        7.19416490514,
        7.21721265514,
        7.573190530140001,
        7.88923682214,
        8.42584848814
      ],
      "memory_usage_byte": [
        329072640,
        329072640,
        329072640,
        329072640,
        329072640
      ],
      "exit_codes": [
        10,
        10,
        10,
        10,
        10
      ],
      "parameters": {
        "n": "78",
        "solver": "kissat -q"
      }
    },
    {
      "command": "bin/cadical -q experiments/cnfs/order/temp_78.cnf",
      "mean": 9.49853573014,
      "stddev": 0.04980716127278407,
      "median": 9.50364828014,
      "user": 9.14589716,
      "system": 0.28272744000000005,
      "min": 9.41872498814,
      "max": 9.54936590514,
      "times": [
        9.49232348914,
        9.41872498814,
        9.50364828014,
        9.54936590514,
        9.52861598814
      ],
      "memory_usage_byte": [
        716029952,
        746389504,
        746389504,
        746389504,
        746389504
      ],
      "exit_codes": [
        10,
        10,
        10,
        10,
        10
      ],
      "parameters": {
        "n": "78",
        "solver": "cadical -q"
      }
    },
    {
      "command": "bin/kissat -q experiments/cnfs/order/temp_80.cnf",
      "mean": 4.394121155140001,
      "stddev": 0.2594670236223245,
      "median": 4.30317898814,
      "user": 4.28353516,
      "system": 0.09821704,
      "min": 4.20762640514,
      "max": 4.848315947140001,
      "times": [
        4.848315947140001,
        4.3522566971400005,
        4.259227738140001,
        4.20762640514,
        4.30317898814
      ],