{
  "results": [
    {
      "command": "bin/kissat -q experiments/cnfs/order/temp_72.cnf",
      "mean": 2.9375289768200004,
      "stddev": 0.004228780557675791,
      "median": 2.93682784402,
      "user": 2.8859105200000004,
      "system": 0.04997183999999999,
      "min": 2.93361192602,
      "max": 2.9447032600200003,
      "times": [
        2.9355587190200003,
        2.93361192602,
        2.93682784402,
        2.9369431350200004,
        2.9447032600200003
      ],
      "memory_usage_byte": [
        123977728,
        123977728,
        123977728,
        123977728,
        146325504
      ],
      "exit_codes": [
        10,
        10,
        10,
        10,
        10
      ],
      "parameters": {
        "n": "72",
        "solver": "kissat -q"
      }
    },
    {
      "command": "bin/cadical -q experiments/cnfs/order/temp_72.cnf",
      "mean": 1.34730561842,
      "stddev": 0.004279639813767781,
      "median": 1.34551942602,
      "user": 1.2939813199999999,
      "system": 0.05109963999999999,
      "min": 1.34357755202,
      "max": 1.35443405202,
      "times": [
        1.34792242702,
        1.34551942602,
        1.34357755202,
        1.35443405202,
        1.34507463502
      ],
      "memory_usage_byte": [
        214745088,
        214745088,
        214745088,
        255918080,
        255918080
      ],
      "exit_codes": [
        10,
        10,
        10,
        10,
        10
      ],
      "parameters": {
        "n": "72",
        "solver": "cadical -q"
      }
    },
    {
      "command": "bin/kissat -q experiments/cnfs/order/temp_74.cnf",
      "mean": 8.34702938502,
      "stddev": 0.01997960592681452,
      "median": 8.35466155102,
      "user": 8.23534212,
      "system": 0.11038063999999999,
      "min": 8.31951492602,
      "max": 8.36559409402,
      "times": [
        8.33292459402,
        8.36559409402,
        8.31951492602,
        8.362451760019999,
        8.35466155102
      ],
      "memory_usage_byte": [
        255918080,
        255918080,
        255918080,
        255918080,
        255918080
      ],
      "exit_codes": [
        10,
        10,
        10,
        10,
        10
      ],
      "parameters": {
        "n": "74",
        "solver": "kissat -q"
      }
    },
    {
      "command": "bin/cadical -q experiments/cnfs/order/temp_74.cnf",
      "mean": 1.36557025162,
      "stddev": 0.0013376504078250044,
      "median": 1.36608538502,
      "user": 1.3108251199999998,
      "system": 0.05244823999999999,
      "min": 1.36334817602,
      "max": 1.36676976002,
      "times": [
        1.36676976002,
        1.36608538502,
        1.36626367702,
        1.3653842600200001,
        1.36334817602
      ],
      "memory_usage_byte": [
        255918080,
        255918080,
        255918080,
        255918080,
        255918080
      ],
      "exit_codes": [
        10,
        10,
        10,
        10,
        10
      ],
      "parameters": {
        "n": "74",
        "solver": "cadical -q"
      }
    },
    {
      "command": "bin/kissat -q experiments/cnfs/order/temp_75.cnf",
      "mean": 4.2418188600199995,
      "stddev": 0.019917602882004056,
      "median": 4.25004334302,
      "user": 4.17211492,
      "system": 0.06820763999999999,
      "min": 4.21364105202,
      "max": 4.258872344019999,
      "times": [
        4.25793484302,
        4.21364105202,
        4.25004334302,
        4.228602718019999,
        4.258872344019999
      ],
      "memory_usage_byte": [
        255918080,
        255918080,
        255918080,
        255918080,
        255918080
      ],
      "exit_codes": [
        10,
        10,
        10,
        10,
        10
      ],
      "parameters": {
        "n": "75",
        "solver": "kissat -q"
      }
    },
    {
      "command": "bin/cadical -q experiments/cnfs/order/temp_75.cnf",
      "mean": 1.36065382662,
      "stddev": 0.0025923874204979063,
      "median": 1.36050259402,
      "user": 1.30570832,
      "system": 0.052771639999999995,
      "min": 1.35677326002,
      "max": 1.36319609302,
      "times": [
        1.36285251002,
        1.36050259402,
        1.35677326002,
        1.35994467602,
        1.36319609302
      ],
      "memory_usage_byte": [
        255918080,
        255918080,
        255918080,
        255918080,
        255918080
      ],
      "exit_codes": [
        10,
        10,
        10,
        10,
        10
      ],
      "parameters": {
        "n": "75",
        "solver": "cadical -q"
      }
    },
    {
      "command": "bin/kissat -q experiments/cnfs/order/temp_76.cnf",
      "mean": 2.35929114342,
      "stddev": 0.007389527228109886,
      "median": 2.3615082600200004,
      "user": 2.3084723200000004,
      "system": 0.04916384,
      "min": 2.34654576002,
      "max": 2.36521201002,
      "times": [
        2.36323638502,
        2.35995330202,
        2.36521201002,
        2.34654576002,
        2.3615082600200004
      ],
      "memory_usage_byte": [
        255918080,
        255918080,
        255918080,
        255918080,
        255918080
      ],
      "exit_codes": [
        10,
        10,
        10,
        10,
        10
      ],
      "parameters": {
        "n": "76",
        "solver": "kissat -q"
      }
    },
    {
      "command": "bin/cadical -q experiments/cnfs/order/temp_76.cnf",
      "mean": 1.4711429266199998,
      "stddev": 0.006507567271424717,
      "median": 1.47130646802,
      "user": 1.4127451199999999,
      "system": 0.056428639999999995,
      "min": 1.46239888502,
      "max": 1.48062088502,
      "times": [
        1.48062088502,
        1.47185055102,
        1.46953784402,
        1.47130646802,
        1.46239888502
      ],
      "memory_usage_byte": [
        273301504,
        295305216,
        295305216,
        295305216,
        295305216
      ],
      "exit_codes": [
        10,
        10,
        10,
        10,
        10
      ],
      "parameters": {
        "n": "76",
        "solver": "cadical -q"
      }
    },
    {
      "command": "bin/kissat -q experiments/cnfs/order/temp_78.cnf",
      "mean": 6.67195970162,
      "stddev": 0.01623801137376818,
      "median": 6.6749863850199995,
      "user": 6.583032919999999,
      "system": 0.08739184,
      "min": 6.65240217702,
      "max": 6.69515726002,
      "times": [
        6.67579171802,
        6.66146096802,
        6.65240217702,
        6.6749863850199995,
        6.69515726002
      ],
      "memory_usage_byte": [
        295305216,
        295305216,
        295305216,
        295305216,
        295305216
      ],
      "exit_codes": [
        10,
        10,
        10,
        10,
        10
      ],
      "parameters": {
        "n": "78",
        "solver": "kissat -q"
      }
    },
    {
      "command": "bin/cadical -q experiments/cnfs/order/temp_78.cnf",
      "mean": 7.162432410219999,
      "stddev": 0.01571538159025191,
      "median": 7.1587830520199995,
      "user": 6.986420719999998,
      "system": 0.17270903999999998,
      "min": 7.14674263502,
      "max": 7.18313501002,
      "times": [
        7.1587830520199995,
        7.14674263502,
        7.18313501002,
        7.1495261350199995,
        7.17397521902
      ],
      "memory_usage_byte": [
        584466432,
        584646656,
        584646656,
        608763904,
        608763904
      ],
      "exit_codes": [
        10,
        10,
        10,
        10,
        10
      ],
      "parameters": {
        "n": "78",
        "solver": "cadical -q"
      }
    },
    {
      "command": "bin/kissat -q experiments/cnfs/order/temp_80.cnf",
      "mean": 3.7998215516200005,
      "stddev": 0.010907109200764858,
      "median": 3.80406209302,
      "user": 3.73685872,
      "system": 0.06114284,
      "min": 3.7870576350200005,
      "max": 3.8120244270200003,