{
  "results": [
    {
      "command": "bin/kissat -q race/cnfs/temp_72.cnf",
      "mean": 3.02088823384,
      "stddev": 0.0073429755869653685,
      "median": 3.0176666713399998,
      "user": 2.9654613599999995,
      "system": 0.054070549999999995,
      "min": 3.01644619184,
      "max": 3.03177340084,
      "times": [
        3.01648719184,
        3.01884615084,
        3.01644619184,
        3.03177340084
      ],
      "memory_usage_byte": [
        123633664,
        123633664,
        123633664,
        123633664
      ],
      "exit_codes": [
        10,
        10,
        10,
        10
      ],
      "parameters": {
        "n": "72",
        "solver": "kissat -q"
      }
    },
    {
      "command": "bin/cadical -q race/cnfs/temp_72.cnf",
      "mean": 1.3506108903399998,
      "stddev": 0.01194329753575111,
      "median": 1.35181167184,
      "user": 1.2949608599999998,
      "system": 0.0523168,
      "min": 1.33501365084,
      "max": 1.36380656684,
      "times": [
        1.34985673484,
        1.35376660884,
        1.36380656684,
        1.33501365084
      ],
      "memory_usage_byte": [
        212729856,
        248741888,
        267649024,
        267649024
      ],
      "exit_codes": [
        10,
        10,
        10,
        10
      ],
      "parameters": {
        "n": "72",
        "solver": "cadical -q"
      }
    },
    {
      "command": "bin/kissat -q race/cnfs/temp_74.cnf",
      "mean": 3.28614531734,
      "stddev": 0.009749165998196072,
      "median": 3.28618050484,
      "user": 3.2225638599999993,
      "system": 0.062077549999999995,
      "min": 3.27502565084,
      "max": 3.2971946088400004,
      "times": [
        3.27502565084,
        3.29061910884,
        3.28174190084,
        3.2971946088400004
      ],
      "memory_usage_byte": [
        267649024,
        267649024,
        267649024,
        267649024
      ],
      "exit_codes": [
        10,
        10,
        10,
        10
      ],
      "parameters": {
        "n": "74",
        "solver": "kissat -q"
      }
    },
    {
      "command": "bin/cadical -q race/cnfs/temp_74.cnf",
      "mean": 3.0344512858400003,
      "stddev": 0.15038914298641273,
      "median": 2.9701364213400003,
      "user": 2.9114758599999995,
      "system": 0.09633305,
      "min": 2.9406084418400003,
      "max": 3.25692385884,
      "times": [
        3.25692385884,
        2.9954084838400004,
        2.9448643588400003,
        2.9406084418400003
      ],
      "memory_usage_byte": [
        400736256,
        435617792,
        435617792,
        435617792
      ],
      "exit_codes": [
        10,
        10,
        10,
        10
      ],
      "parameters": {
        "n": "74",
        "solver": "cadical -q"
      }
    },
    {
      "command": "bin/kissat -q race/cnfs/temp_75.cnf",
      "mean": 3.20358859884,
      "stddev": 0.20523158513965542,
      "median": 3.25283923434,
      "user": 3.10747136,
      "system": 0.07725379999999998,
      "min": 2.92252081684,
      "max": 3.3861551098400002,
      "times": [
        3.3205855678400003,
        3.3861551098400002,
        3.18509290084,
        2.92252081684
      ],
      "memory_usage_byte": [
        435617792,
        435617792,
        435617792,
        435617792
      ],
      "exit_codes": [
        10,
        10,
        10,
        10
      ],
      "parameters": {
        "n": "75",
        "solver": "kissat -q"
      }
    },
    {
      "command": "bin/cadical -q race/cnfs/temp_75.cnf",
      "mean": 2.72469637984,
      "stddev": 0.03935712025134539,
      "median": 2.72096706734,
      "user": 2.6306356099999997,
      "system": 0.0877008,
      "min": 2.6820846508400003,
      "max": 2.7747667338400004,
      "times": [
        2.73313944184,
        2.7747667338400004,
        2.6820846508400003,
        2.70879469284
      ],
      "memory_usage_byte": [
        435617792,
        435617792,
        435617792,
        435617792
      ],
      "exit_codes": [
        10,
        10,
        10,
        10
      ],
      "parameters": {
        "n": "75",
        "solver": "cadical -q"
      }
    },
    {
      "command": "bin/kissat -q race/cnfs/temp_76.cnf",
      "mean": 2.38187129659,
      "stddev": 0.026080978544665866,
      "median": 2.38224312984,
      "user": 2.33242586,
      "system": 0.047702049999999996,
      "min": 2.3573380258400003,
      "max": 2.40566090084,
      "times": [
        2.36135594284,
        2.3573380258400003,
        2.40566090084,
        2.40313031684
      ],
      "memory_usage_byte": [
        435617792,
        435617792,
        435617792,
        435617792
      ],
      "exit_codes": [
        10,
        10,
        10,
        10
      ],
      "parameters": {
        "n": "76",
        "solver": "kissat -q"
      }
    },
    {
      "command": "bin/cadical -q race/cnfs/temp_76.cnf",
      "mean": 4.07552418209,
      "stddev": 0.313026073929227,
      "median": 3.97392631734,
      "user": 3.9289371099999997,
      "system": 0.1275478,
      "min": 3.83376131784,
      "max": 4.52048277584,
      "times": [
        3.83376131784,
        3.8820724008400003,
        4.52048277584,
        4.06578023384
      ],
      "memory_usage_byte": [
        473235456,
        473235456,
        473235456,
        484327424
      ],
      "exit_codes": [
        10,
        10,
        10,
        10
      ],
      "parameters": {
        "n": "76",
        "solver": "cadical -q"
      }
    },
    {
      "command": "bin/kissat -q race/cnfs/temp_78.cnf",
      "mean": 2.5604572233400003,
      "stddev": 0.024167383679611004,
      "median": 2.5516054838400004,
      "user": 2.4990348599999996,
      "system": 0.05831329999999999,
      "min": 2.5428483168400002,
      "max": 2.59576960884,
      "times": [
        2.5428483168400002,
        2.59576960884,
        2.54722127584,
        2.5559896918400002
      ],
      "memory_usage_byte": [
        484327424,
        484327424,
        484327424,
        484327424
      ],
      "exit_codes": [
        10,
        10,
        10,
        10
      ],
      "parameters": {
        "n": "78",
        "solver": "kissat -q"
      }
    },
    {
      "command": "bin/cadical -q race/cnfs/temp_78.cnf",
      "mean": 6.8341261610899995,
      "stddev": 0.10606100815398255,
      "median": 6.79937773384,
      "user": 6.6443051099999995,
      "system": 0.18134055,
      "min": 6.75162335884,
      "max": 6.98612581784,
      "times": [
        6.75162335884,
        6.98612581784,
        6.8260357338399995,
        6.77271973384
      ],
      "memory_usage_byte": [
        721895424,
        721895424,
        721895424,
        721895424
      ],
      "exit_codes": [
        10,
        10,
        10,
        10
      ],
      "parameters": {
        "n": "78",
        "solver": "cadical -q"
      }
    },
    {
      "command": "bin/kissat -q race/cnfs/temp_80.cnf",
      "mean": 16.00752748409,
      "stddev": 0.2902448605815906,
      "median": 15.91065658834,
      "user": 15.79192061,
      "system": 0.2087463,
      "min": 15.77676265084,
      "max": 16.43203410884,
      "times": [
        16.43203410884,
        15.89484498384,
        15.77676265084,
        15.92646819284
      ],
      "memory_usage_byte": [
        721895424,
        721895424,
        721895424,
        721895424
      ],
      "exit_codes": [
        10,
        10,
        10,
        10
      ],
      "parameters": {
        "n": "80",
        "solver": "kissat -q"
      }
    },
    {
      "command": "bin/cadical -q race/cnfs/temp_80.cnf",
      "mean": 1.58875242184,
      "stddev": 0.00232417140357173,
      "median": 1.5886277133399997,
      "user": 1.51710161,
      "system": 0.06906879999999999,
      "min": 1.58645473484,
      "max": 1.59129952584,
      "times": [
        1.5901121508399998,
        1.58645473484,
        1.58714327584,
        1.59129952584
      ],