{
  "results": [
    {
      "command": "./bin/kissat -q race/cnfs/temp_72.cnf",
      "mean": 2.99925044262,
      "stddev": 0.0028578938835509995,
      "median": 2.9991869216200002,
      "user": 2.9445247599999997,
      "system": 0.053731509999999996,
      "min": 2.9958324431200003,
      "max": 3.00279548412,
      "times": [
        3.00279548412,
        2.9988372341200003,
        2.99953660912,
        2.9958324431200003
      ],
      "memory_usage_byte": [
        123633664,
        123633664,
        123633664,
        123633664
      ],
      "exit_codes": [
        10,
        10,
        10,
        10
      ],
      "parameters": {
        "n": "72",
        "solver": "kissat -q"
      }
    },
    {
      "command": "./bin/cadical -q race/cnfs/temp_72.cnf",
      "mean": 1.3314618173700001,
      "stddev": 0.0024502670881438333,
      "median": 1.3308665671200002,
      "user": 1.2764022599999998,
      "system": 0.053191760000000005,
      "min": 1.32917690112,
      "max": 1.33493723412,
      "times": [
        1.32917690112,
        1.33493723412,
        1.3309079001200002,
        1.3308252341200002
      ],
      "memory_usage_byte": [
        212779008,
        212779008,
        212779008,
        212779008
      ],
      "exit_codes": [
        10,
        10,
        10,
        10
      ],
      "parameters": {
        "n": "72",
        "solver": "cadical -q"
      }
    },
    {
      "command": "./bin/kissat -q race/cnfs/temp_74.cnf",
      "mean": 3.2390783071199998,
      "stddev": 0.009726709035096032,
      "median": 3.23957240062,
      "user": 3.1719680099999996,
      "system": 0.06604251,
      "min": 3.22788119312,
      "max": 3.24928723412,
      "times": [
        3.24475606712,
        3.24928723412,
        3.23438873412,
        3.22788119312
      ],
      "memory_usage_byte": [
        212779008,
        212779008,
        212779008,
        212779008
      ],
      "exit_codes": [
        10,
        10,
        10,
        10
      ],
      "parameters": {
        "n": "74",
        "solver": "kissat -q"
      }
    },
    {
      "command": "./bin/cadical -q race/cnfs/temp_74.cnf",
      "mean": 2.91686512987,
      "stddev": 0.018778906049865086,
      "median": 2.91573713012,
      "user": 2.82662676,
      "system": 0.08782276,
      "min": 2.8976164421200004,
      "max": 2.93836981712,
      "times": [
        2.93836981712,
        2.92628306812,
        2.90519119212,
        2.8976164421200004
      ],
      "memory_usage_byte": [
        360005632,
        360005632,
        360005632,
        360005632
      ],
      "exit_codes": [
        10,
        10,
        10,
        10
      ],
      "parameters": {
        "n": "74",
        "solver": "cadical -q"
      }
    },
    {
      "command": "./bin/kissat -q race/cnfs/temp_75.cnf",
      "mean": 2.86347600487,
      "stddev": 0.04451502262315678,
      "median": 2.84515181762,
      "user": 2.7987210099999995,
      "system": 0.06360025999999999,
      "min": 2.83394806712,
      "max": 2.92965231712,
      "times": [
        2.8484689421200002,
        2.92965231712,
        2.83394806712,
        2.84183469312
      ],
      "memory_usage_byte": [
        360005632,
        360005632,
        360005632,
        360005632
      ],
      "exit_codes": [
        10,
        10,
        10,
        10
      ],
      "parameters": {
        "n": "75",
        "solver": "kissat -q"
      }
    },
    {
      "command": "./bin/cadical -q race/cnfs/temp_75.cnf",
      "mean": 2.62567835937,
      "stddev": 0.008898249266221257,
      "median": 2.6272527551200002,
      "user": 2.5413800099999997,
      "system": 0.08220850999999998,
      "min": 2.61445427612,
      "max": 2.63375365112,
      "times": [
        2.6318018591200003,
        2.63375365112,
        2.61445427612,
        2.62270365112
      ],
      "memory_usage_byte": [
        360005632,
        360005632,
        360005632,
        360005632
      ],
      "exit_codes": [
        10,
        10,
        10,
        10
      ],
      "parameters": {
        "n": "75",
        "solver": "cadical -q"
      }
    },
    {
      "command": "./bin/kissat -q race/cnfs/temp_76.cnf",
      "mean": 2.2583460463700002,
      "stddev": 0.005242144344363979,
      "median": 2.25813981712,
      "user": 2.20474451,
      "system": 0.05203826000000001,
      "min": 2.25216623412,
      "max": 2.26493831712,
      "times": [
        2.2587344001200003,
        2.25754523412,
        2.25216623412,
        2.26493831712
      ],
      "memory_usage_byte": [
        360005632,
        360005632,
        360005632,
        360005632
      ],
      "exit_codes": [
        10,
        10,
        10,
        10
      ],
      "parameters": {
        "n": "76",
        "solver": "kissat -q"
      }
    },
    {
      "command": "./bin/cadical -q race/cnfs/temp_76.cnf",
      "mean": 3.8061233696200003,
      "stddev": 0.05141635556678557,
      "median": 3.8287941511200003,
      "user": 3.6977517599999996,
      "system": 0.10508201,
      "min": 3.72947998412,
      "max": 3.83742519212,
      "times": [
        3.72947998412,
        3.83742519212,
        3.83374306812,
        3.82384523412
      ],
      "memory_usage_byte": [
        431915008,
        431915008,
        431915008,
        431915008
      ],
      "exit_codes": [
        10,
        10,
        10,
        10
      ],
      "parameters": {
        "n": "76",
        "solver": "cadical -q"
      }
    },
    {
      "command": "./bin/kissat -q race/cnfs/temp_78.cnf",
      "mean": 2.34719495287,
      "stddev": 0.040886397829094784,
      "median": 2.3291876716199997,
      "user": 2.29614501,
      "system": 0.04998476,
      "min": 2.32216281712,
      "max": 2.40824165112,
      "times": [
        2.40824165112,
        2.32216281712,
        2.32661269212,
        2.33176265112
      ],
      "memory_usage_byte": [
        431915008,
        431915008,
        431915008,
        431915008
      ],
      "exit_codes": [
        10,
        10,
        10,
        10
      ],
      "parameters": {
        "n": "78",
        "solver": "kissat -q"
      }
    },
    {
      "command": "./bin/cadical -q race/cnfs/temp_78.cnf",
      "mean": 6.38426041087,
      "stddev": 0.10445194904778021,
      "median": 6.346283504620001,
      "user": 6.20761176,
      "system": 0.17317976,
      "min": 6.31018640012,
      "max": 6.53428823412,
      "times": [
        6.53428823412,
        6.37670415012,
        6.31018640012,
        6.31586285912
      ],
      "memory_usage_byte": [
        587251712,
        648871936,
        648871936,
        648871936
      ],
      "exit_codes": [
        10,
        10,
        10,
        10
      ],
      "parameters": {
        "n": "78",
        "solver": "cadical -q"
      }
    },
    {
      "command": "./bin/kissat -q race/cnfs/temp_80.cnf",
      "mean": 14.93107175487,
      "stddev": 0.1222498889669792,
      "median": 14.92242342162,
      "user": 14.73678851,
      "system": 0.19233226000000003,
      "min": 14.82508473412,
      "max": 15.05435544212,
      "times": [
        14.82688965112,
        15.05435544212,
        15.01795719212,
        14.82508473412
      ],
      "memory_usage_byte": [
        648871936,
        648871936,
        648871936,
        648871936
      ],
      "exit_codes": [
        10,
        10,
        10,
        10
      ],
      "parameters": {
        "n": "80",
        "solver": "kissat -q"
      }
    },
    {
      "command": "./bin/cadical -q race/cnfs/temp_80.cnf",
      "mean": 1.49753857787,
      "stddev": 0.004539692145233888,
      "median": 1.4958611506200001,
      "user": 1.43227101,
      "system": 0.06269976,
      "min": 1.4941875261200002,
      "max": 1.50424448412,
      "times": [
        1.4958701921200002,
        1.4941875261200002,
        1.49585210912,
        1.50424448412
      ],