{
  "results": [
    {
      "command": "bin/kissat -q race/cnfs/temp_72.cnf",
      "mean": 3.0114279135,
      "stddev": 0.013028073906326617,
      "median": 3.0073461640000003,
      "user": 2.95660773,
      "system": 0.053386260000000005,
      "min": 3.0008253505,
      "max": 3.0301939755,
      "times": [
        3.0049701015,
        3.0097222265,
        3.0008253505,
        3.0301939755
      ],
      "memory_usage_byte": [
        144719872,
        144719872,
        144719872,
        146948096
      ],
      "exit_codes": [
        10,
        10,
        10,
        10
      ],
      "parameters": {
        "n": "72",
        "solver": "kissat -q"
      }
    },
    {
      "command": "bin/cadical -q race/cnfs/temp_72.cnf",
      "mean": 1.3447172572500001,
      "stddev": 0.015028819597649035,
      "median": 1.345163205,
      "user": 1.28989573,
      "system": 0.05282851,
      "min": 1.3272081425000002,
      "max": 1.3613344765000002,
      "times": [
        1.3382894345,
        1.3272081425000002,
        1.3520369755000001,
        1.3613344765000002
      ],
      "memory_usage_byte": [
        230670336,
        230670336,
        233177088,
        233177088
      ],
      "exit_codes": [
        10,
        10,
        10,
        10
      ],
      "parameters": {
        "n": "72",
        "solver": "cadical -q"
      }
    },
    {
      "command": "bin/kissat -q race/cnfs/temp_74.cnf",
      "mean": 3.25737085075,
      "stddev": 0.020016943061420794,
      "median": 3.2654928720000003,
      "user": 3.1942734799999997,
      "system": 0.060537509999999996,
      "min": 3.2279506005000003,
      "max": 3.2705470585,
      "times": [
        3.2279506005000003,
        3.2615599345,
        3.2705470585,
        3.2694258095
      ],
      "memory_usage_byte": [
        233177088,
        233177088,
        233177088,
        233177088
      ],
      "exit_codes": [
        10,
        10,
        10,
        10
      ],
      "parameters": {
        "n": "74",
        "solver": "kissat -q"
      }
    },
    {
      "command": "bin/cadical -q race/cnfs/temp_74.cnf",
      "mean": 2.9475557885000003,
      "stddev": 0.015878802598108328,
      "median": 2.9512058715,
      "user": 2.85910123,
      "system": 0.08509401,
      "min": 2.9254432265,
      "max": 2.9623681845000003,
      "times": [
        2.9544762255,
        2.9254432265,
        2.9479355175,
        2.9623681845000003
      ],
      "memory_usage_byte": [
        360103936,
        360103936,
        360103936,
        399818752
      ],
      "exit_codes": [
        10,
        10,
        10,
        10
      ],
      "parameters": {
        "n": "74",
        "solver": "cadical -q"
      }
    },
    {
      "command": "bin/kissat -q race/cnfs/temp_75.cnf",
      "mean": 2.95090082975,
      "stddev": 0.03110721103137756,
      "median": 2.949712642,
      "user": 2.8851279799999996,
      "system": 0.06261526,
      "min": 2.9177707675,
      "max": 2.9864072675,
      "times": [
        2.9864072675,
        2.9661723505000004,
        2.9332529335,
        2.9177707675
      ],
      "memory_usage_byte": [
        399818752,
        399818752,
        399818752,
        399818752
      ],
      "exit_codes": [
        10,
        10,
        10,
        10
      ],
      "parameters": {
        "n": "75",
        "solver": "kissat -q"
      }
    },
    {
      "command": "bin/cadical -q race/cnfs/temp_75.cnf",
      "mean": 2.7039459337500005,
      "stddev": 0.06891500175634331,
      "median": 2.6881648920000005,
      "user": 2.6054474799999996,
      "system": 0.08720026,
      "min": 2.6433716835000003,
      "max": 2.7960822675,
      "times": [
        2.7163731005000002,
        2.7960822675,
        2.6433716835000003,
        2.6599566835000004
      ],
      "memory_usage_byte": [
        399818752,
        432734208,
        432734208,
        432734208
      ],
      "exit_codes": [
        10,
        10,
        10,
        10
      ],
      "parameters": {
        "n": "75",
        "solver": "cadical -q"
      }
    },
    {
      "command": "bin/kissat -q race/cnfs/temp_76.cnf",
      "mean": 2.344190351,
      "stddev": 0.016720119887809772,
      "median": 2.3463183714999998,
      "user": 2.2938262299999996,
      "system": 0.04849476,
      "min": 2.3252843515,
      "max": 2.3588403095,
      "times": [
        2.3576667675,
        2.3588403095,
        2.3252843515,
        2.3349699755
      ],
      "memory_usage_byte": [
        432734208,
        432734208,
        432734208,
        432734208
      ],
      "exit_codes": [
        10,
        10,
        10,
        10
      ],
      "parameters": {
        "n": "76",
        "solver": "kissat -q"
      }
    },
    {
      "command": "bin/cadical -q race/cnfs/temp_76.cnf",
      "mean": 3.87576675675,
      "stddev": 0.0689098721556957,
      "median": 3.8615379755,
      "user": 3.75890073,
      "system": 0.10898751,
      "min": 3.8120543505,
      "max": 3.9679367255,
      "times": [
        3.9679367255,
        3.8868976005,
        3.8120543505,
        3.8361783505
      ],
      "memory_usage_byte": [
        534036480,
        534036480,
        534036480,
        534036480
      ],
      "exit_codes": [
        10,
        10,
        10,
        10
      ],
      "parameters": {
        "n": "76",
        "solver": "cadical -q"
      }
    },
    {
      "command": "bin/kissat -q race/cnfs/temp_78.cnf",
      "mean": 2.4241470175,
      "stddev": 0.03345527811848596,
      "median": 2.4106613925,
      "user": 2.3692792299999996,
      "system": 0.052779759999999995,
      "min": 2.4018388085,
      "max": 2.4734264765000002,
      "times": [
        2.4734264765000002,
        2.4164889765,
        2.4048338085000003,
        2.4018388085
      ],
      "memory_usage_byte": [
        534036480,
        534036480,
        534036480,
        534036480
      ],
      "exit_codes": [
        10,
        10,
        10,
        10
      ],
      "parameters": {
        "n": "78",
        "solver": "kissat -q"
      }
    },
    {
      "command": "bin/cadical -q race/cnfs/temp_78.cnf",
      "mean": 6.602348236499999,
      "stddev": 0.11373162651896954,
      "median": 6.5634405385,
      "user": 6.4154969799999995,
      "system": 0.16575975999999998,
      "min": 6.514302101499999,
      "max": 6.768209767499999,
      "times": [
        6.579485184499999,
        6.514302101499999,
        6.768209767499999,
        6.5473958925
      ],
      "memory_usage_byte": [
        658915328,
        658915328,
        664666112,
        664666112
      ],
      "exit_codes": [
        10,
        10,
        10,
        10
      ],
      "parameters": {
        "n": "78",
        "solver": "cadical -q"
      }
    },
    {
      "command": "bin/kissat -q race/cnfs/temp_80.cnf",
      "mean": 15.52768541325,
      "stddev": 0.14154929052375603,
      "median": 15.515016267500002,
      "user": 15.344712229999999,
      "system": 0.18047450999999998,
      "min": 15.3999121835,
      "max": 15.6807969345,
      "times": [
        15.6807969345,
        15.414970142500001,
        15.3999121835,
        15.6150623925
      ],
      "memory_usage_byte": [
        664666112,
        664666112,
        664666112,
        664666112
      ],
      "exit_codes": [
        10,
        10,
        10,
        10
      ],
      "parameters": {
        "n": "80",
        "solver": "kissat -q"
      }
    },
    {
      "command": "bin/cadical -q race/cnfs/temp_80.cnf",
      "mean": 1.5762505802500002,
      "stddev": 0.0427029476104273,
      "median": 1.5674129970000001,
      "user": 1.50260873,
      "system": 0.07019326000000001,
      "min": 1.5379083095000001,
      "max": 1.6322680175000002,
      "times": [
        1.5486202265000002,
        1.5379083095000001,
        1.6322680175000002,
        1.5862057675
      ],